3OH!3,My First Kiss - feat. Ke$ha,2010,Dance Pop,192
5 Seconds of Summer,She Looks So Perfect,2014,Boy Band,202
A Great Big World,Say Something,2014,Neo Mellow,229
Adam Lambert,Whataya Want from Me,2010,Australian Pop,227
Adam Lambert,If I Had You,2010,Australian Pop,228
Adele,Someone Like You,2011,British Soul,285
Adele,Rolling in the Deep,2011,British Soul,228
Adele,Set Fire to the Rain,2012,British Soul,242
Adele,Hello,2015,British Soul,295
Adele,All I Ask,2016,British Soul,272
Adele,Send My Love (To Your New Lover),2016,British Soul,223
Adele,When We Were Young,2016,British Soul,291
Adele,Million Years Ago,2016,British Soul,227
Adele,All I Ask,2017,British Soul,272
Adele,Water Under the Bridge,2017,British Soul,240
Alan Walker,Tired,2017,Electro House,192
Alessia Cara,Here,2015,Canadian Contemporary R&B,199
Alessia Cara,Scars To Your Beautiful,2016,Canadian Contemporary R&B,230
Alessia Cara,Here,2016,Canadian Contemporary R&B,199
Alessia Cara,"How Far I'll Go - From ""Moana""",2017,Canadian Contemporary R&B,176
Alesso,Heroes (we could be),2015,Big Room,210
Alicia Keys,Empire State of Mind (Part II) Broken Down,2010,Hip Pop,216
Alicia Keys,Try Sleeping with a Broken Heart,2010,Hip Pop,249
Alicia Keys,Doesn't Mean Anything,2010,Hip Pop,273
Alicia Keys,Girl On Fire (feat. Nicki Minaj) - Inferno Version,2013,Hip Pop,271
Alicia Keys,It's On Again - Main Soundtrack,2014,Hip Pop,230
Alicia Keys,We Are Here,2015,Hip Pop,285
Ansel Elgort,Supernova,2018,Dance Pop,191
Ariana Grande,The Way,2013,Dance Pop,227
Ariana Grande,Problem,2014,Dance Pop,194
Ariana Grande,Love Me Harder,2015,Dance Pop,236
Ariana Grande,Break Free,2015,Dance Pop,215
Ariana Grande,Focus,2015,Dance Pop,211
Ariana Grande,Into You,2016,Dance Pop,244
Ariana Grande,Dangerous Woman,2016,Dance Pop,236
Ariana Grande,Side To Side,2017,Dance Pop,226
Ariana Grande,no tears left to cry,2018,Dance Pop,206
Austin Mahone,What About Love,2013,Dance Pop,203
Austin Mahone,Mmm Yeah (feat. Pitbull),2014,Dance Pop,232
Avicii,Wake Me Up,2013,Big Room,247
Avicii,Hey Brother,2014,Big Room,255
Avicii,Broken Arrows,2015,Big Room,233
Avril Lavigne,What the Hell,2011,Canadian Pop,221
Avril Lavigne,Rock N Roll,2013,Canadian Pop,207
B0NS,Electric Love,2016,Electropop,218
Bastille,Pompeii,2014,Metropopolis,214
Bebe Rexha,I Got You,2016,Dance Pop,192
Bebe Rexha,Ferrari,2018,Dance Pop,213
Beyonce,Run the World (Girls),2011,Dance Pop,236
Beyonce,Love On Top,2011,Dance Pop,267
Beyonce,Best Thing I Never Had,2011,Dance Pop,254
Beyonce,1+1,2011,Dance Pop,274
Beyonce,Partition,2014,Dance Pop,319
Beyonce,XO,2014,Dance Pop,216
Beyonce,Drunk in Love,2014,Dance Pop,323
Birdy,Wings,2014,Neo Mellow,252
Birdy,Not About Angels,2014,Neo Mellow,190
Birdy,Tee Shirt - Soundtrack Version,2014,Neo Mellow,160
Birdy,Words as Weapons,2014,Neo Mellow,239
Birdy,Keeping Your Head Up,2016,Neo Mellow,208
Britney Spears,Till the World Ends,2011,Dance Pop,238
Britney Spears,I Wanna Go,2011,Dance Pop,210
Britney Spears,Hold It Against Me,2011,Dance Pop,229
Britney Spears,Work Bitch,2013,Dance Pop,248
Britney Spears,"Ooh La La (from ""The Smurfs 2"")",2013,Dance Pop,257
Britney Spears,Make Me... (feat. G-Eazy),2016,Dance Pop,231
Britney Spears,Invitation,2016,Dance Pop,200
Britney Spears,Do You Wanna Come Over?,2016,Dance Pop,203
Bruno Mars,Just the Way You Are,2010,Pop,221
Bruno Mars,Marry You,2010,Pop,230
Bruno Mars,Just the Way You Are,2011,Pop,221
Bruno Mars,Grenade,2011,Pop,223
Bruno Mars,Marry You,2011,Pop,230
Bruno Mars,Locked Out of Heaven,2012,Pop,233
Bruno Mars,It Will Rain,2012,Pop,258
Bruno Mars,Treasure,2014,Pop,179
Bruno Mars,Gorilla,2014,Pop,244
Bruno Mars,Young Girls,2014,Pop,229
Bruno Mars,That's What I Like,2017,Pop,207
Bruno Mars,24K Magic,2017,Pop,226
Calvin Harris,Under Control,2013,Dance Pop,184
Calvin Harris,Sweet Nothing (feat. Florence Welch),2013,Dance Pop,213
Calvin Harris,Summer,2014,Dance Pop,223
Calvin Harris,How Deep Is Your Love,2015,Dance Pop,213
Calvin Harris,Blame,2015,Dance Pop,213
Calvin Harris,This Is What You Came For,2016,Dance Pop,222
Calvin Harris,My Way,2017,Dance Pop,219
Calvin Harris,Slide (feat. Frank Ocean & Migos),2017,Dance Pop,231
Calvin Harris,One Kiss (with Dua Lipa),2018,Dance Pop,215
Calvin Harris,Giant (with Rag'n'Bone Man),2019,Dance Pop,229
Camila Cabello,Crying in the Club,2017,Dance Pop,216
Camila Cabello,Havana (feat. Young Thug),2018,Dance Pop,217
Camila Cabello,Never Be the Same - Radio Edit,2018,Dance Pop,227
Cardi B,Bodak Yellow,2017,Pop,224
Cardi B,I Like It,2018,Pop,253
Cardi B,Drip (feat. Migos),2018,Pop,264
Carly Rae Jepsen,Call Me Maybe,2012,Canadian Pop,193
Carly Rae Jepsen,I Really Like You,2015,Canadian Pop,205
Carly Rae Jepsen,Run Away With Me,2016,Canadian Pop,251
Carly Rae Jepsen,Higher,2016,Canadian Pop,234
Carly Rae Jepsen,Cut To The Feeling,2017,Canadian Pop,208
Cashmere Cat,Love Incredible (feat. Camila Cabello),2017,Downtempo,180
Cashmere Cat,Miss You (with Major Lazer & Tory Lanez),2018,Downtempo,186
Charli XCX,Boom Clap - From the Motion Picture Das Schicksal ist ein mieser Verr鋞er,2014,Candy Pop,169
Charlie Puth,One Call Away (feat. Tyga) - Remix,2016,Dance Pop,192
Charlie Puth,We Don't Talk Anymore - DROELOE Remix,2017,Dance Pop,218
Charlie Puth,Attention,2018,Dance Pop,209
Chris Brown,Yeah 3x,2011,Dance Pop,242
Chris Brown,Turn Up the Music,2012,Dance Pop,228
Chris Brown,No Guidance (feat. Drake),2019,Dance Pop,261
Christina Aguilera,Bound To You - Burlesque Original Motion Picture Soundtrack,2010,Dance Pop,264
Christina Aguilera,Something's Got A Hold On Me - Burlesque Original Motion Picture Soundtrack,2010,Dance Pop,185
Christina Aguilera,You Lost Me,2010,Dance Pop,257
Christina Aguilera,Not Myself Tonight,2010,Dance Pop,186
Christina Aguilera,Genie In a Bottle,2015,Dance Pop,218
Christina Aguilera,Change,2016,Dance Pop,187
Christina Perri,A Thousand Years,2011,Dance Pop,285
Christina Perri,Jar of Hearts,2011,Dance Pop,247
Christina Perri,human,2014,Dance Pop,251
Ciara,Overdose,2013,Dance Pop,227
Clean Bandit,Rather Be (feat. Jess Glynne),2015,Dance Pop,228
Clean Bandit,Rockabye (feat. Sean Paul & Anne-Marie),2017,Dance Pop,251
CNCO,Reggaet髇 Lento (Remix),2017,Boy Band,189
Coldplay,Paradise,2012,Permanent Wave,279
Coldplay,Atlas - From 揟he Hunger Games: Catching Fire?Soundtrack,2013,Permanent Wave,236
Coldplay,A Sky Full of Stars,2014,Permanent Wave,268
Coldplay,A L I E N S,2017,Permanent Wave,282
Daddy Yankee,Con Calma - Remix,2019,Latin,181
Daft Punk,Get Lucky (feat. Pharrell Williams & Nile Rodgers) - Radio Edit,2013,Electro,248
Daft Punk,Lose Yourself to Dance,2013,Electro,354
Dan + Shay,Tequila,2018,Contemporary Country,196
David Guetta,Sexy Bitch (feat. Akon),2010,Dance Pop,196
David Guetta,Without You (feat. Usher),2011,Dance Pop,208
David Guetta,Titanium (feat. Sia),2012,Dance Pop,245
David Guetta,Play Hard (feat. Ne-Yo & Akon) - New Edit,2013,Dance Pop,209
David Guetta,Shot Me Down (feat. Skylar Grey) - Radio Edit,2014,Dance Pop,191
David Guetta,Bang My Head (feat. Sia & Fetty Wap),2015,Dance Pop,193
David Guetta,Yesterday (feat. Bebe Rexha),2015,Dance Pop,243
David Guetta,2U (feat. Justin Bieber),2018,Dance Pop,195
Demi Lovato,Heart Attack,2013,Dance Pop,211
Demi Lovato,Made In The USA,2013,Dance Pop,196
Demi Lovato,"Let It Go - From ""Frozen / Single Version",2014,Dance Pop,226
Demi Lovato,Really Don't Care,2015,Dance Pop,202
Demi Lovato,Confident,2016,Dance Pop,206
Demi Lovato,Body Say,2016,Dance Pop,194
Demi Lovato,Sorry Not Sorry,2018,Dance Pop,204
Demi Lovato,Tell Me You Love Me - NOTD Remix,2018,Dance Pop,182
Disclosure,Latch,2014,House,256
DJ Khaled,Wild Thoughts (feat. Rihanna & Bryson Tiller),2018,Dance Pop,204
DJ Snake,Let Me Love You,2017,Electronic Trap,206
DNCE,Cake By The Ocean,2016,Dance Pop,219
DNCE,Toothbrush,2016,Dance Pop,232
DNCE,Blown,2016,Dance Pop,197
DNCE,Kissing Strangers,2017,Dance Pop,202
DNCE,Body Moves,2017,Dance Pop,236
DNCE,Kissing Strangers - Remix,2017,Dance Pop,202
DNCE,Kissing Strangers,2018,Dance Pop,202
Drake,Too Good,2016,Canadian Hip Hop,263
Dua Lipa,New Rules,2018,Dance Pop,209
Dua Lipa,IDGAF,2018,Dance Pop,218
Dua Lipa,Want To,2018,Dance Pop,212
Ed Sheeran,Thinking out Loud,2015,Pop,282
Ed Sheeran,Don't,2015,Pop,220
Ed Sheeran,Sing,2015,Pop,235
Ed Sheeran,Bloodstream,2015,Pop,309
Ed Sheeran,Shape of You,2017,Pop,234
Ed Sheeran,Perfect Duet (Ed Sheeran & Beyonc?,2018,Pop,260
Ed Sheeran,South of the Border (feat. Camila Cabello & Cardi B),2019,Pop,204
Ed Sheeran,Beautiful People (feat. Khalid),2019,Pop,198
Ed Sheeran,I Don't Care (with Justin Bieber),2019,Pop,220
Ed Sheeran,Antisocial (with Travis Scott),2019,Pop,162
Ed Sheeran,Cross Me (feat. Chance the Rapper & PnB Rock),2019,Pop,206
Ellie Goulding,Lights - Single Version,2012,Dance Pop,211
Ellie Goulding,Anything Could Happen,2013,Dance Pop,286
Ellie Goulding,Burn,2014,Dance Pop,231
Ellie Goulding,"Love Me Like You Do - From ""Fifty Shades Of Grey""",2015,Dance Pop,253
Ellie Goulding,On My Mind,2015,Dance Pop,213
Emeli Sande,Next To Me,2013,Dance Pop,197
Emeli Sande,Clown,2013,Dance Pop,221
Emeli Sande,Hurts,2016,Dance Pop,238
Eminem,Love The Way You Lie,2010,Detroit Hip Hop,263
Eminem,Walk On Water (feat. Beyonc?,2018,Detroit Hip Hop,304
Enrique Iglesias,I Like It,2010,Dance Pop,231
Enrique Iglesias,Tonight (I'm Fuckin' You),2011,Dance Pop,232
Enrique Iglesias,Finally Found You,2013,Dance Pop,221
Enrique Iglesias,Let Me Be Your Lover,2015,Dance Pop,238
Enrique Iglesias,MOVE TO MIAMI,2018,Dance Pop,169
Far East Movement,Like A G6,2010,Dance Pop,217
Fergie,A Little Party Never Killed Nobody (All We Got),2013,Dance Pop,241
Fergie,A Little Party Never Killed Nobody (All We Got),2014,Dance Pop,241
Fergie,L.A.LOVE (la la),2015,Dance Pop,193
Fifth Harmony,Worth It,2015,Dance Pop,225
Fifth Harmony,BO$$,2015,Dance Pop,171
Fifth Harmony,Work from Home (feat. Ty Dolla $ign),2016,Dance Pop,214
Fifth Harmony,Angel,2017,Dance Pop,189
Flo Rida,Club Can't Handle Me (feat. David Guetta),2010,Dance Pop,235
Flo Rida,My House,2015,Dance Pop,192
Florence + The Machine,Dog Days Are Over,2010,Art Pop,253
Florence + The Machine,St Jude,2015,Art Pop,225
Florence + The Machine,Wish That You Were Here - From 揗iss Peregrine抯 Home for Peculiar Children?Original Motion Picture,2016,Art Pop,403
fun.,Some Nights,2012,Baroque Pop,277
fun.,We Are Young (feat. Janelle Mon醗),2012,Baroque Pop,251
G-Eazy,Him & I (with Halsey),2018,Hip Hop,269
Galantis,Rich Boy,2017,Big Room,184
Gwen Stefani,Baby Don't Lie,2015,Dance Pop,203
Gwen Stefani,Spark The Fire,2015,Dance Pop,202
Gwen Stefani,Make Me Like You,2016,Dance Pop,217
Gym Class Heroes,Stereo Hearts (feat. Adam Levine),2012,Dance Pop,211
Hailee Steinfeld,Starving,2016,Dance Pop,182
Hailee Steinfeld,Capital Letters,2018,Dance Pop,219
Halsey,Bad At Love,2018,Dance Pop,181
Harry Styles,Sign of the Times,2018,Dance Pop,341
Hayley Kiyoko,What I Need (feat. Kehlani),2018,Dance Pop,220
Hilary Duff,Sparks,2015,Dance Pop,186
Hilary Duff,Little Lies,2016,Dance Pop,204
Hot Chelle Rae,Tonight Tonight,2011,Dance Pop,200
Hozier,Take Me To Church,2015,Irish Singer-Songwriter,242
Icona Pop,I Love It (feat. Charli XCX),2013,Candy Pop,157
Iggy Azalea,Fancy,2014,Australian Hip Hop,200
J Balvin,Mi Gente (feat. Beyonc?,2018,Latin,210
James Arthur,Impossible,2013,Pop,209
Janet Jackson,BURNITUP!,2016,Dance Pop,250
Jason Derulo,Talk Dirty (feat. 2 Chainz),2014,Dance Pop,178
Jason Derulo,Wiggle (feat. Snoop Dogg),2014,Dance Pop,193
Jason Derulo,Want to Want Me,2015,Dance Pop,208
Jason Derulo,Trumpets,2015,Dance Pop,217
Jennifer Hudson,Dangerous,2015,Dance Pop,255
Jennifer Lopez,On The Floor,2011,Dance Pop,285
Jennifer Lopez,I'm Into You,2011,Dance Pop,200
Jennifer Lopez,Papi,2011,Dance Pop,223
Jennifer Lopez,Invading My Mind,2011,Dance Pop,201
Jennifer Lopez,Dance Again,2012,Dance Pop,237
Jennifer Lopez,Live It Up,2013,Dance Pop,244
Jennifer Lopez,I Luh Ya Papi,2014,Dance Pop,207
Jennifer Lopez,Booty,2015,Dance Pop,210
Jennifer Lopez,"Feel The Light - From The ""Home"" Soundtrack",2015,Dance Pop,292
Jennifer Lopez,Ain't Your Mama,2016,Dance Pop,218
Jess Glynne,Don't Be so Hard on Yourself,2015,Dance Pop,211
Jessie J,Price Tag,2011,Australian Pop,223
Jessie J,Domino,2012,Australian Pop,232
Jessie J,Bang Bang,2015,Australian Pop,199
Jewel,Foolish Games,2013,Alaska Indie,250
Joey Montana,Picky - Remix,2016,Latin,225
John Legend,All of Me,2014,Neo Mellow,270
John Legend,Start,2016,Neo Mellow,310
John Newman,Love Me Again,2014,Pop,240
Jonas Blue,Mama,2017,Dance Pop,184
Jonas Brothers,Pom Poms,2013,Boy Band,198
Jonas Brothers,Only Human,2019,Boy Band,183
Jonas Brothers,Sucker,2019,Boy Band,181
Justin Bieber,Baby,2010,Canadian Pop,214
Justin Bieber,Beauty And A Beat,2012,Canadian Pop,228
Justin Bieber,Boyfriend,2012,Canadian Pop,171
Justin Bieber,Heartbreaker,2013,Canadian Pop,263
Justin Bieber,Love Yourself,2015,Canadian Pop,234
Justin Bieber,Sorry,2015,Canadian Pop,201
Justin Bieber,What Do You Mean?,2015,Canadian Pop,206
Justin Bieber,Company,2015,Canadian Pop,208
Justin Bieber,I'll Show You,2015,Canadian Pop,200
Justin Bieber,The Feeling,2015,Canadian Pop,245
Justin Bieber,What Do You Mean? - Acoustic,2015,Canadian Pop,204
Justin Bieber,Mark My Words,2015,Canadian Pop,134
Justin Bieber,Been You,2015,Canadian Pop,199
Justin Bieber,Love Yourself,2016,Canadian Pop,234
Justin Bieber,Company,2016,Canadian Pop,208
Justin Bieber,Friends (with BloodPop?,2018,Canadian Pop,189
Justin Timberlake,Suit & Tie,2013,Dance Pop,326
Justin Timberlake,Mirrors - Radio Edit,2013,Dance Pop,277
Justin Timberlake,TKO,2013,Dance Pop,424
Justin Timberlake,Take Back the Night,2013,Dance Pop,353
Justin Timberlake,Not a Bad Thing,2014,Dance Pop,266
Justin Timberlake,"CAN'T STOP THE FEELING! (Original Song from DreamWorks Animation's ""TROLLS"")",2016,Dance Pop,236
Justin Timberlake,Say Something,2018,Dance Pop,279
Justin Timberlake,Filthy,2018,Dance Pop,294
Justin Timberlake,Supplies,2018,Dance Pop,226
Kanye West,Monster,2011,Chicago Rap,379
Katy Perry,Teenage Dream,2010,Dance Pop,228
Katy Perry,California Gurls,2010,Dance Pop,235
Katy Perry,E.T.,2011,Dance Pop,230
Katy Perry,Last Friday Night (T.G.I.F.),2011,Dance Pop,231
Katy Perry,Firework,2011,Dance Pop,228
Katy Perry,Part Of Me,2012,Dance Pop,216
Katy Perry,Wide Awake,2012,Dance Pop,221
Katy Perry,The One That Got Away,2012,Dance Pop,227
Katy Perry,Roar,2013,Dance Pop,224
Katy Perry,Dark Horse,2014,Dance Pop,216
Katy Perry,This Is How We Do,2014,Dance Pop,204
Katy Perry,Birthday,2014,Dance Pop,215
Katy Perry,Legendary Lovers,2015,Dance Pop,224
Katy Perry,Rise,2016,Dance Pop,203
Katy Perry,Swish Swish,2017,Dance Pop,243
Katy Perry,Chained To The Rhythm,2017,Dance Pop,238
Katy Perry,Bon app閠it,2017,Dance Pop,228
Kelly Clarkson,Stronger (What Doesn't Kill You),2012,Dance Pop,222
Kelly Clarkson,Underneath the Tree,2013,Dance Pop,230
Kelly Clarkson,People Like Us,2013,Dance Pop,259
Kelly Clarkson,Heartbeat Song,2015,Dance Pop,199
Kelly Clarkson,Run Run Run,2015,Dance Pop,273
Kelly Rowland,Freak,2013,Atl Hip Hop,274
Kesha,TiK ToK,2010,Dance Pop,200
Kesha,Your Love Is My Drug,2010,Dance Pop,187
Kesha,Take It Off,2010,Dance Pop,215
Kesha,Blah Blah Blah (feat. 3OH!3),2010,Dance Pop,172
Kesha,We R Who We R,2011,Dance Pop,205
Kesha,Blow,2011,Dance Pop,220
Kesha,Die Young,2013,Dance Pop,212
Kesha,Crazy Kids (feat. will.i.am),2013,Dance Pop,229
Kesha,Praying,2017,Dance Pop,230
Khalid,Talk (feat. Disclosure),2019,Alternative R&B,198
Kygo,It Ain't Me (with Selena Gomez),2017,Edm,221
Kygo,First Time,2017,Edm,194
Kygo,First Time,2018,Edm,194
Kygo,Higher Love,2019,Edm,228
Labrinth,Beneath Your Beautiful,2013,Pop,272
Lady Gaga,Bad Romance,2010,Dance Pop,295
Lady Gaga,Telephone,2010,Dance Pop,221
Lady Gaga,Alejandro,2010,Dance Pop,274
Lady Gaga,Born This Way,2011,Dance Pop,260
Lady Gaga,The Edge Of Glory,2011,Dance Pop,321
Lady Gaga,You And I,2011,Dance Pop,307
Lady Gaga,Judas,2011,Dance Pop,249
Lady Gaga,Marry The Night,2011,Dance Pop,265
Lady Gaga,Applause,2013,Dance Pop,212
Lady Gaga,G.U.Y.,2014,Dance Pop,233
Lady Gaga,Million Reasons,2016,Dance Pop,205
Lady Gaga,Perfect Illusion,2016,Dance Pop,182
Lady Gaga,The Cure,2017,Dance Pop,211
Lady Gaga,Shallow - Radio Edit,2018,Dance Pop,217
Lana Del Rey,Summertime Sadness (Lana Del Rey Vs. Cedric Gervais) - Cedric Gervais Remix,2013,Art Pop,215
Lana Del Rey,Love,2017,Art Pop,273
Lana Del Rey,Summer Bummer (feat. A$AP Rocky & Playboi Carti),2017,Art Pop,261
Lana Del Rey,Lust for Life (with The Weeknd),2017,Art Pop,264
Lea Michele,Cannonball,2014,Hollywood,215
Lewis Capaldi,Someone You Loved,2019,Pop,182
Liam Payne,Strip That Down (feat. Quavo),2017,Dance Pop,202
Liam Payne,Familiar,2018,Dance Pop,197
Liam Payne,For You (With Rita Ora),2018,Dance Pop,243
Lilly Wood and The Prick,Prayer in C - Robin Schulz Radio Edit,2015,French Indie Pop,189
Lily Allen,Sheezus,2014,Dance Pop,235
Little Mix,Move,2013,Dance Pop,224
Little Mix,How Ya Doin'? (feat. Missy Elliott),2013,Dance Pop,211
Little Mix,Love Me Like You,2015,Dance Pop,198
Little Mix,Shout Out to My Ex,2016,Dance Pop,246
Little Mix,Touch (feat. Kid Ink),2017,Dance Pop,203
Lizzo,Truth Hurts,2019,Escape Room,173
Lizzo,Good as Hell (feat. Ariana Grande) - Remix,2019,Escape Room,159
LMFAO,Party Rock Anthem,2011,Dance Pop,262
LMFAO,Sexy And I Know It,2011,Dance Pop,199
Lorde,Team,2014,Art Pop,193
Lost Frequencies,Reality - Radio Edit,2015,Belgian Edm,159
Lost Frequencies,Reality (feat. Janieck Devy) - Radio Edit,2017,Belgian Edm,158
Luis Fonsi,Despacito - Remix,2017,Latin,229
Lukas Graham,7 Years,2016,Danish Pop,237
M0,Final Song,2016,Dance Pop,236
Mabel,Don't Call Me Up,2019,Dance Pop,178
Macklemore & Ryan Lewis,Can't Hold Us (feat. Ray Dalton),2013,Dance Pop,258
Macklemore & Ryan Lewis,Thrift Shop (feat. Wanz),2013,Dance Pop,236
Madonna,Ghosttown,2015,Dance Pop,250
Madonna,Living For Love,2015,Dance Pop,219
MAGIC!,Rude,2014,Pop,225
Major Lazer,Cold Water (feat. Justin Bieber & M?,2016,Dance Pop,185
Major Lazer,Light It Up (feat. Nyla & Fuse ODG) [Remix],2016,Dance Pop,166
Mariah Carey,#Beautiful,2013,Dance Pop,200
Mariah Carey,You're Mine (Eternal),2014,Dance Pop,224
Mark Ronson,Uptown Funk,2015,Dance Pop,270
Mark Ronson,Find U Again (feat. Camila Cabello),2019,Dance Pop,176
Mark Ronson,Nothing Breaks Like a Heart (feat. Miley Cyrus),2019,Dance Pop,217
Maroon 5,Misery,2010,Pop,216
Maroon 5,Moves Like Jagger - Studio Recording From The Voice Performance,2011,Pop,201
Maroon 5,Payphone,2012,Pop,231
Maroon 5,One More Night,2012,Pop,220
Maroon 5,Daylight,2013,Pop,225
Maroon 5,Love Somebody,2013,Pop,230
Maroon 5,Maps,2014,Pop,190
Maroon 5,Sugar,2015,Pop,235
Maroon 5,Animals,2015,Pop,231
Maroon 5,Sugar,2015,Pop,235
Maroon 5,Cold (feat. Future),2017,Pop,234
Maroon 5,What Lovers Do (feat. SZA),2018,Pop,200
Maroon 5,Wait,2018,Pop,191
Maroon 5,Memories,2019,Pop,189
Maroon 5,Girls Like You (feat. Cardi B),2019,Pop,236
Marshmello,Silence,2018,Brostep,181
Marshmello,Happier,2019,Brostep,214
Martin Garrix,In the Name of Love,2016,Big Room,196
Martin Garrix,There for You,2017,Big Room,222
Martin Solveig,Hello,2010,Big Room,191
Meghan Trainor,Dear Future Husband,2015,Dance Pop,184
Meghan Trainor,Lips Are Movin,2015,Dance Pop,183
Meghan Trainor,All About That Bass,2015,Dance Pop,189
Meghan Trainor,Like I'm Gonna Lose You (feat. John Legend),2016,Dance Pop,225
Meghan Trainor,Me Too,2016,Dance Pop,181
Meghan Trainor,NO,2016,Dance Pop,214
Michael Jackson,Love Never Felt So Good,2014,Pop,246
Mike Posner,Cooler Than Me - Single Mix,2010,Dance Pop,213
Mike Posner,Please Don't Go,2011,Dance Pop,197
Mike Posner,I Took A Pill In Ibiza - Seeb Remix,2016,Dance Pop,198
Miley Cyrus,We Can't Stop,2013,Dance Pop,231
Miley Cyrus,Wrecking Ball,2013,Dance Pop,221
Miley Cyrus,Adore You,2014,Dance Pop,279
Miley Cyrus,Malibu,2017,Dance Pop,232
Miley Cyrus,Younger Now,2017,Dance Pop,249
Missy Elliott,WTF (Where They From),2016,Dance Pop,193
Missy Elliott,Pep Rally,2016,Dance Pop,263
Mr. Probz,Waves - Robin Schulz Radio Edit,2015,Tropical House,208
N.E.R.D,Lemon,2018,Hip Hop,220
Naughty Boy,Runnin' (Lose It All),2015,Tropical House,213
Naughty Boy,Runnin' (Lose It All),2016,Tropical House,213
Ne-Yo,Let Me Love You (Until You Learn To Love Yourself),2013,Dance Pop,252
Nelly Furtado,Behind Your Back,2016,Canadian Latin,228
Neon Trees,Animal,2010,Indie Pop,212
Neon Trees,Everybody Talks,2013,Indie Pop,177
Niall Horan,Slow Hands,2017,Dance Pop,188
Niall Horan,This Town,2018,Dance Pop,233
Nick Jonas,Jealous - Remix,2015,Dance Pop,222
Nick Jonas,Close,2016,Dance Pop,234
Nick Jonas,Champagne Problems,2016,Dance Pop,193
Nick Jonas,Remember I Told You,2017,Dance Pop,202
Nicki Minaj,Super Bass,2011,Dance Pop,201
Nicki Minaj,Moment 4 Life - Album Version (Edited),2011,Dance Pop,279
Nicki Minaj,Muny - Album Version (Edited),2011,Dance Pop,227
Nicki Minaj,Starships,2012,Dance Pop,211
Nicki Minaj,Anaconda,2014,Dance Pop,260
Nicki Minaj,Chun-Li,2018,Dance Pop,192
Olly Murs,Up,2015,Dance Pop,224
One Direction,What Makes You Beautiful,2012,Boy Band,200
One Direction,Story of My Life,2013,Boy Band,245
One Direction,Best Song Ever,2013,Boy Band,200
One Direction,Kiss You,2013,Boy Band,183
One Direction,Night Changes,2015,Boy Band,227
One Direction,Perfect,2015,Boy Band,230
One Direction,Steal My Girl,2015,Boy Band,227
OneRepublic,Secrets,2010,Dance Pop,225
OneRepublic,All The Right Moves,2010,Dance Pop,238
OneRepublic,Good Life,2011,Dance Pop,253
OneRepublic,If I Lose Myself - Alesso vs OneRepublic,2013,Dance Pop,215
OneRepublic,Love Runs Out,2014,Dance Pop,225
OneRepublic,I Lived,2015,Dance Pop,235
OneRepublic,Wherever I Go,2016,Dance Pop,170
OneRepublic,Rich Love (with Seeb),2017,Dance Pop,201
OneRepublic,No Vacancy (with Sebasti醤 Yatra),2017,Dance Pop,223
Owl City,Good Time,2012,Pop,206
P!nk,Raise Your Glass,2011,Dance Pop,208
P!nk,Try,2012,Dance Pop,248
P!nk,Blow Me (One Last Kiss),2012,Dance Pop,256
P!nk,Just Give Me a Reason (feat. Nate Ruess),2013,Dance Pop,243
P!nk,"Just Like Fire (From the Original Motion Picture ""Alice Through The Looking Glass"")",2016,Dance Pop,215
P!nk,What About Us,2018,Dance Pop,272
Paloma Faith,Only Love Can Hurt Like This,2015,British Soul,233
Passenger,Let Her Go,2014,Folk-Pop,253
Passenger,Beautiful Birds (feat. Birdy),2016,Folk-Pop,214
Pharrell Williams,"Happy - From ""Despicable Me 2""",2014,Dance Pop,233
Pharrell Williams,Come Get It Bae,2014,Dance Pop,202
Pitbull,Give Me Everything,2011,Dance Pop,252
Pitbull,International Love,2012,Dance Pop,227
Pitbull,Don't Stop the Party (feat. TJR),2012,Dance Pop,206
Pitbull,Feel This Moment (feat. Christina Aguilera),2013,Dance Pop,230
Pitbull,Outta Nowhere (feat. Danny Mercer),2013,Dance Pop,207
Pitbull,We Are One (Ole Ola) [The Official 2014 FIFA World Cup Song],2014,Dance Pop,222
Pitbull,Fireball (feat. John Ryan),2015,Dance Pop,235
Pitbull,"Celebrate (From the Original Motion Picture ""Penguins of Madagascar"")",2015,Dance Pop,193
Pitbull,Time of Our Lives,2015,Dance Pop,229
Pitbull,Greenlight (feat. Flo Rida & LunchMoney Lewis),2017,Dance Pop,245
Pitbull,Messin' Around,2017,Dance Pop,223
R3HAB,All Around The World (La La La),2019,Big Room,148
RedOne,Boom Boom,2018,Moroccan Pop,248
Ricky Martin,Mr. Put It Down,2015,Dance Pop,196
Rihanna,Only Girl (In The World),2010,Barbadian Pop,235
Rihanna,Hard,2010,Barbadian Pop,251
Rihanna,What's My Name?,2011,Barbadian Pop,263
Rihanna,We Found Love,2011,Barbadian Pop,215
Rihanna,Cheers (Drink To That),2011,Barbadian Pop,262
Rihanna,S&M Remix,2011,Barbadian Pop,257
Rihanna,Where Have You Been,2012,Barbadian Pop,243
Rihanna,Diamonds,2012,Barbadian Pop,225
Rihanna,You Da One,2012,Barbadian Pop,200
Rihanna,Right Now - Dyro Radio Edit,2013,Barbadian Pop,186
Rihanna,FourFiveSeconds,2015,Barbadian Pop,188
Rihanna,American Oxygen,2015,Barbadian Pop,320
Rihanna,Needed Me,2016,Barbadian Pop,192
Rihanna,Work,2016,Barbadian Pop,219
Rihanna,Love On The Brain,2018,Barbadian Pop,224
Rita Ora,Anywhere,2018,Dance Pop,215
Robin Schulz,Sugar (feat. Francesco Yates),2015,Dance Pop,219
Robin Schulz,OK - Spotify Version,2017,Dance Pop,189
Robin Thicke,Blurred Lines,2013,Dance Pop,264
Robin Thicke,Give It 2 U,2013,Dance Pop,230
Rudimental,Lay It All on Me,2015,Dance Pop,242
Rudimental,These Days,2018,Dance Pop,211
Sam Smith,Stay With Me,2014,Pop,173
Sam Smith,I'm Not The Only One,2015,Pop,239
Sam Smith,How Do You Sleep?,2019,Pop,202
Sara Bareilles,Brave,2013,Acoustic Pop,221
Sean Kingston,Eenie Meenie,2010,Dance Pop,202
Selena Gomez,Come & Get It,2013,Dance Pop,232
Selena Gomez,The Heart Wants What It Wants,2015,Dance Pop,227
Selena Gomez,Same Old Love,2015,Dance Pop,229
Selena Gomez,Hands To Myself,2016,Dance Pop,201
Selena Gomez,Kill Em With Kindness,2016,Dance Pop,218
Selena Gomez,Wolves,2018,Dance Pop,198
Selena Gomez,Bad Liar,2018,Dance Pop,215
Selena Gomez,Lose You To Love Me,2019,Dance Pop,206
Selena Gomez & The Scene,Naturally,2010,Dance Pop,203
Selena Gomez & The Scene,Love You Like A Love Song,2012,Dance Pop,188
SHAED,Trampoline (with ZAYN),2019,Electropop,184
Shakira,Loca,2010,Colombian Pop,193
Shakira,Can't Remember to Forget You (feat. Rihanna),2014,Colombian Pop,207
Shakira,La La La (Brasil 2014) (feat. Carlinhos Brown),2014,Colombian Pop,198
Shawn Mendes,Stitches,2015,Canadian Pop,207
Shawn Mendes,Stitches,2016,Canadian Pop,207
Shawn Mendes,Don't Be A Fool,2016,Canadian Pop,216
Shawn Mendes,I Know What You Did Last Summer,2016,Canadian Pop,224
Shawn Mendes,Treat You Better,2017,Canadian Pop,188
Shawn Mendes,Mercy,2017,Canadian Pop,209
Shawn Mendes,There's Nothing Holdin' Me Back,2018,Canadian Pop,199
Shawn Mendes,In My Blood,2018,Canadian Pop,211
Shawn Mendes,Youth (feat. Khalid),2018,Canadian Pop,191
Shawn Mendes,Nervous,2018,Canadian Pop,164
Shawn Mendes,Se駉rita,2019,Canadian Pop,191
Sia,Chandelier,2014,Australian Dance,216
Sia,Elastic Heart,2015,Australian Dance,257
Sia,Alive,2015,Australian Dance,264
Sia,Cheap Thrills,2016,Australian Dance,225
Sia,The Greatest,2017,Australian Dance,210
Sia,Free Me,2017,Australian Dance,286
Sigala,Easy Love,2015,Dance Pop,230
Sigala,Came Here for Love,2017,Dance Pop,203
Silk City,Electricity (with Dua Lipa),2018,Edm,238
Sleeping At Last,Turning Page,2011,Acoustic Pop,255
Snakehips,Cruel (feat. ZAYN),2016,Dance Pop,228
Swedish House Mafia,Don't You Worry Child - Radio Edit,2013,Big Room,213
T.I.,Castle Walls (feat. Christina Aguilera),2010,Atl Hip Hop,329
T.I.,Castle Walls (feat. Christina Aguilera),2011,Atl Hip Hop,329
Taio Cruz,Dynamite,2010,Dance Pop,203
Taio Cruz,Break Your Heart,2010,Dance Pop,186
Taylor Swift,I Knew You Were Trouble.,2012,Pop,220
Taylor Swift,We Are Never Ever Getting Back Together,2012,Pop,193
Taylor Swift,We Are Never Ever Getting Back Together,2013,Pop,193
Taylor Swift,Shake It Off,2014,Pop,219
Taylor Swift,Out Of The Woods,2016,Pop,236
Taylor Swift,Look What You Made Me Do,2018,Pop,212
Taylor Swift,End Game,2018,Pop,245
Taylor Swift,...Ready For It? - BloodPop?Remix,2018,Pop,190
The Black Eyed Peas,The Time (Dirty Bit),2010,Dance Pop,308
The Black Eyed Peas,Meet Me Halfway,2010,Dance Pop,284
The Black Eyed Peas,Imma Be,2010,Dance Pop,258
The Black Eyed Peas,Rock That Body,2010,Dance Pop,269
The Black Eyed Peas,Just Can抰 Get Enough,2011,Dance Pop,219
The Chainsmokers,#SELFIE,2014,Electropop,184
The Chainsmokers,Don't Let Me Down,2016,Electropop,208
The Chainsmokers,Roses,2016,Electropop,227
The Chainsmokers,All We Know,2016,Electropop,194
The Chainsmokers,Closer,2017,Electropop,245
The Chainsmokers,Something Just Like This,2017,Electropop,248
The Chainsmokers,Paris,2017,Electropop,222
The Chainsmokers,Sick Boy,2018,Electropop,193
The Chainsmokers,Takeaway,2019,Electropop,210
The Chainsmokers,Call You Mine,2019,Electropop,218
The Chainsmokers,Kills You Slowly,2019,Electropop,213
The Script,Hall of Fame,2013,Celtic Rock,203
The Wanted,Glad You Came,2012,Boy Band,198
The Wanted,Walks Like Rihanna,2013,Boy Band,202
The Wanted,We Own The Night,2013,Boy Band,206
The Weeknd,The Hills,2015,Canadian Contemporary R&B,242
The Weeknd,"Earned It (Fifty Shades Of Grey) - From The ""Fifty Shades Of Grey"" Soundtrack",2015,Canadian Contemporary R&B,252
The Weeknd,The Hills,2016,Canadian Contemporary R&B,242
The Weeknd,Starboy,2017,Canadian Contemporary R&B,230
The Weeknd,I Feel It Coming,2017,Canadian Contemporary R&B,269
Tinie Tempah,Written in the Stars (feat. Eric Turner),2010,Dance Pop,220
Tinie Tempah,Written in the Stars (feat. Eric Turner),2011,Dance Pop,220
Tove Lo,Cool Girl,2016,Dance Pop,199
Tove Lo,Influence,2017,Dance Pop,225
Train,Hey soul sister,2010,Neo Mellow,217
Troye Sivan,My My My!,2018,Dance Pop,205
Usher,OMG (feat. will.i.am),2010,Atl Hip Hop,269
Usher,DJ Got Us Fallin' In Love (feat. Pitbull),2010,Atl Hip Hop,221
will.i.am,#thatPOWER,2013,Dance Pop,280
Wiz Khalifa,See You Again (feat. Charlie Puth),2015,Hip Hop,230
Years & Years,Desire,2016,Dance Pop,203
Zara Larsson,Never Forget You,2015,Dance Pop,213
ZAYN,PILLOWTALK,2016,Dance Pop,204
ZAYN,LIKE I WOULD,2016,Dance Pop,192
ZAYN,I Don抰 Wanna Live Forever (Fifty Shades Darker),2017,Dance Pop,245
ZAYN,Dusk Till Dawn - Radio Edit,2018,Dance Pop,239
ZAYN,Let Me,2018,Dance Pop,185
Zedd,Clarity,2013,Complextro,271
Zedd,Stay The Night - Featuring Hayley Williams Of Paramore,2014,Complextro,217
Zedd,I Want You To Know,2015,Complextro,240
Zedd,True Colors,2016,Complextro,225
Zedd,Stay,2017,Complextro,210
Zedd,Get Low (with Liam Payne),2017,Complextro,205
